LGA_Name,State,Latitude,Longitude,Cluster_Label,Risk_Level
Aba North,Abia,5.33333333,7.31666667,0,High
Aba South,Abia,5.1,7.35,0,High
Arochukwu,Abia,5.38333333,7.91666667,0,High
Bende,Abia,5.56666667,7.63333333,0,High
Ikwuano,Abia,5.43333333,7.56666667,0,High
Isiala Ngwa North,Abia,5.388966,7.446948,0,High
Isiala Ngwa South,Abia,5.36241,7.39998,0,High
Isuikwuato,Abia,5.533333,7.483333,0,High
Obi Ngwa,Abia,5.155402,7.457067,0,High
Ohafia,Abia,5.61666667,7.83333333,0,High
Osisioma,Abia,5.14972222,7.33027778,0,High
Ugwunagbo,Abia,4.984474,7.325783,0,High
Ukwa East,Abia,4.8872,7.3572,0,High
Ukwa West,Abia,4.9884,7.2425,0,High
Umu-Nneochi,Abia,5.985662,7.469005,0,High
Umuahia North,Abia,5.5333,7.4833,0,High
Umuahia South,Abia,5.515311,7.447314,0,High
Demsa,Adamawa,9.41666667,12.13333333,0,High
Fufore,Adamawa,9.21666667,12.65,0,High
Ganye,Adamawa,8.43333,12.0667,0,High
Girei,Adamawa,9.36667,12.55,0,High
Gombi,Adamawa,10.16222222,12.74,0,High
Guyuk,Adamawa,9.90555556,11.92833333,0,High
Hong,Adamawa,10.23166667,12.93027778,0,High
Jada,Adamawa,8.76666667,12.15,0,High
Lamurde,Adamawa,9.6,11.78333333,0,High
Madagali,Adamawa,10.74611111,13.41583333,0,High
Maiha,Adamawa,9.99555556,13.21805556,0,High
Mayo Belwa,Adamawa,9.05,12.05,0,High
Michika,Adamawa,10.61666667,13.38333333,0,High
Mubi North,Adamawa,10.26666667,13.26666667,0,High
Mubi South,Adamawa,10.1874,13.39576,0,High
Numan,Adamawa,9.46694444,12.03277778,0,High
Shelleng,Adamawa,9.88472222,12.00888889,0,High
Song,Adamawa,9.82444444,12.625,0,High
Toungo,Adamawa,8.11666667,12.05,0,High
Yola North,Adamawa,9.188528,12.393866,0,High
Yola South,Adamawa,9.249949,12.412618,0,High
Abak,Akwa Ibom,4.98333333,7.78333333,0,High
Eastern Obolo,Akwa Ibom,4.533333,7.7,0,High
Eket,Akwa Ibom,4.65,7.93333333,0,High
Esit Eket,Akwa Ibom,4.66055556,8.06666667,0,High
Essien Udim,Akwa Ibom,5.13333333,7.68333333,0,High
Etim Ekpo,Akwa Ibom,5.01666667,7.61666667,0,High
Etinan,Akwa Ibom,4.85,7.83333333,0,High
Ibeno,Akwa Ibom,4.568693,7.976396,0,High
Ibesikpo Asutan,Akwa Ibom,4.76666667,7.95,0,High
Ibiono Ibom,Akwa Ibom,5.23333333,7.88333333,0,High
Ika,Akwa Ibom,5.01666667,7.53333333,0,High
Ikono,Akwa Ibom,5.210278,7.793889,0,High
Ikot Abasi,Akwa Ibom,4.633333,7.65,0,High
Ikot Ekpene,Akwa Ibom,5.18333333,7.71666667,0,High
Ini,Akwa Ibom,5.4,7.733333,0,High
Itu,Akwa Ibom,5.16666667,7.98333333,0,High
Mbo,Akwa Ibom,4.65,8.23333333,0,High
Mkpat Enin,Akwa Ibom,4.73361111,7.74861111,0,High
Nsit Atai,Akwa Ibom,4.85,8.01666667,0,High
Nsit Ibom,Akwa Ibom,4.88333333,7.9,0,High
Nsit Ubium,Akwa Ibom,4.76666667,7.93333333,0,High
Obot Akara,Akwa Ibom,5.26667,7.6,0,High
Okobo,Akwa Ibom,4.83333333,8.13333333,0,High
Onna,Akwa Ibom,4.65,7.86666667,0,High
Oron,Akwa Ibom,4.82583333,8.23388889,0,High
Oruk Anam,Akwa Ibom,4.81666667,7.65,0,High
Udung Uko,Akwa Ibom,4.76666667,8.23333333,0,High
Ukanafun,Akwa Ibom,4.9,7.6,0,High
Uruan,Akwa Ibom,5.03333333,8.05,0,High
Urue Offong/Oruko,Akwa Ibom,4.71667,8.15,0,High
Uyo,Akwa Ibom,5.03333333,7.91666667,0,High
Aguata,Anambra,6.01666667,7.08333333,0,High
Anambra East,Anambra,6.333333,6.866667,0,High
Anambra West,Anambra,6.416667,6.683333,0,High
Anaocha,Anambra,6.15,7.05,0,High
Awka North,Anambra,6.233333,7.133333,0,High
Awka South,Anambra,6.16666667,7.06666667,0,High
Ayamelum,Anambra,6.6,6.966667,0,High
Dunukofia,Anambra,6.271944,6.976667,0,High
Ekwusigo,Anambra,6.054662,6.82859,0,High
Idemili North,Anambra,6.097069,6.984745,0,High
Idemili South,Anambra,6.100683,6.898364,0,High
Ihiala,Anambra,5.85388889,6.86,0,High
Njikoka,Anambra,6.183846,6.99191,0,High
Nnewi North,Anambra,5.938767,5.938767,0,High
Nnewi South,Anambra,5.938383,6.921821,0,High
Ogbaru,Anambra,5.960656,6.731678,0,High
Onitsha North,Anambra,6.189277,6.805853,0,High
Onitsha South,Anambra,6.135818,6.788542,0,High
Orumba North,Anambra,6.042599,7.213103,0,High
Orumba South,Anambra,5.990942,5.990942,0,High
Oyi,Anambra,5.25,6.21666667,0,High
Alkaleri,Bauchi,9.88333333,10.5,0,High
Bauchi,Bauchi,10.31583333,9.84416667,0,High
Bogoro,Bauchi,9.66852,9.60395,0,High
Damban,Bauchi,11.62592,10.78622,0,High
Darazo,Bauchi,11.0,10.41,0,High
Dass,Bauchi,10.126111,9.484704,0,High
Gamawa,Bauchi,12.133333,10.533333,0,High
Ganjuwa,Bauchi,10.868124,10.165283,0,High
Giade,Bauchi,11.390251,10.199128,0,High
Itas/Gadau,Bauchi,11.86666667,9.96666667,0,High
Jama'are,Bauchi,11.669111,9.928958,0,High
Katagum,Bauchi,12.28333333,10.35,0,High
Kirfi,Bauchi,10.4,10.4,0,High
Misau,Bauchi,11.313599,10.463126,0,High
Ningi,Bauchi,11.06666667,9.56666667,0,High
Shira,Bauchi,11.50416667,10.01722222,0,High
Tafawa Balewa,Bauchi,9.759094,9.553127,0,High
Toro,Bauchi,10.059364,9.071724,0,High
Warji,Bauchi,11.18333333,9.75,0,High
Zaki,Bauchi,12.13333333,10.28333333,0,High
Brass,Bayelsa,4.315,6.24166667,0,High
Ekeremor,Bayelsa,5.05,5.78333333,0,High
Kolokuma/Opokuma,Bayelsa,5.13333333,6.3,0,High
Nembe,Bayelsa,4.53690278,6.40621111,0,High
Ogbia,Bayelsa,4.78333333,6.33333333,0,High
Sagbama,Bayelsa,5.16666667,6.2,0,High
Southern Ijaw,Bayelsa,4.7,5.966667,0,High
Yenagoa,Bayelsa,5.03333333,6.33333333,0,High
Ado,Benue,7.8,7.65,0,High
Agatu,Benue,7.9,7.9,0,High
Apa,Benue,7.829754,8.069994,0,High
Buruku,Benue,7.416792,9.224674,0,High
Gboko,Benue,7.327778,8.995,0,High
Guma,Benue,7.823295,8.863239,0,High
Gwer East,Benue,7.298066,8.482303,0,High
Gwer West,Benue,7.584645,8.205478,0,High
Katsina Ala,Benue,7.16666667,9.28333333,0,High
Konshisha,Benue,7.071123,8.663878,0,High
Kwande,Benue,6.890043,9.233408,0,High
Logo,Benue,7.507748,9.350653,0,High
Makurdi,Benue,7.730556,8.536111,0,High
Obi,Benue,7.0,8.25,0,High
Ogbadibo,Benue,7.13907,7.668285,0,High
Ohimini,Benue,7.23015,7.927993,0,High
Oju,Benue,6.85,8.41666667,0,High
Okpokwu,Benue,7.06277778,8.21,0,High
Otukpo,Benue,7.19305556,8.14638889,0,High
Tarka,Benue,7.620833,8.881944,0,High
Ukum,Benue,7.530801,9.649268,0,High
Ushongo,Benue,7.135788,9.032921,0,High
Vandeikya,Benue,6.782346,9.069257,0,High
Abadam,Borno,13.610953,13.277664,0,High
Askira/Uba,Borno,10.654724,12.907777,0,High
Bama,Borno,11.51888889,13.68416667,0,High
Bayo,Borno,10.441838,11.704237,0,High
Biu,Borno,10.6111,12.195,0,High
Chibok,Borno,10.86972222,12.84666667,0,High
Damboa,Borno,11.15,12.75,0,High
Dikwa,Borno,12.0239,13.9158,0,High
Gubio,Borno,12.4975,12.78,0,High
Guzamala,Borno,12.94656,13.176822,0,High
Gwoza,Borno,11.086111,13.691389,0,High
Hawul,Borno,10.451308,12.116581,0,High
Jere,Borno,11.89912,13.29155,0,High
Kaga,Borno,11.810333,12.494153,0,High
Kala/Balge,Borno,12.268627,14.464896,0,High
Konduga,Borno,11.65166667,13.41944444,0,High
Kukawa,Borno,12.91666667,13.56666667,0,High
Kwaya Kusar,Borno,11.817338,13.120352,0,High
Mafa,Borno,11.92583333,13.60555556,0,High
Magumeri,Borno,12.115657,12.83101,0,High
Maiduguri,Borno,11.83333333,13.15,0,High
Marte,Borno,12.364596,13.826741,0,High
Mobbar,Borno,13.103993,12.511041,0,High
Monguno,Borno,12.68333333,13.6,0,High
Ngala,Borno,12.371107,14.206223,0,High
Nganzai,Borno,12.486253,13.209321,0,High
Shani,Borno,10.183889,11.963889,0,High
Abi,Cross River,6.833333,7.233333,0,High
Akamkpa,Cross River,5.326828,8.346262,0,High
Akpabuyo,Cross River,4.950439,8.393276,0,High
Bakassi,Cross River,4.58333333,8.6,0,High
Bekwarra,Cross River,6.69388889,8.9675,0,High
Biase,Cross River,5.557438,8.110474,0,High
Boki,Cross River,6.273889,9.01,0,High
Calabar Municipal,Cross River,4.974531,8.34241,0,High
Calabar South,Cross River,4.918822,8.320945,0,High
Etung,Cross River,5.858889,8.791667,0,High
Ikom,Cross River,6.08333333,8.61666667,0,High
Obanliku,Cross River,6.609277,9.250274,0,High
Obubra,Cross River,6.083333,8.333333,0,High
Obudu,Cross River,6.66666667,9.16666667,0,High
Odukpani,Cross River,5.079809,8.350403,0,High
Ogoja,Cross River,6.5,8.66666667,0,High
Yakurr,Cross River,5.806111,8.175,0,High
Yala,Cross River,6.7,8.6,0,High
Aniocha North,Delta,6.319994,6.476847,0,High
Aniocha South,Delta,6.183072,6.524367,0,High
Bomadi,Delta,5.161805,5.924511,0,High
Burutu,Delta,5.35,5.516667,0,High
Ethiope East,Delta,5.63314,6.028192,0,High
Ethiope West,Delta,5.63314,6.028192,0,High
Ika North East,Delta,6.186379,6.200409,0,High
Ika South,Delta,6.252758,6.199664,0,High
Isoko North,Delta,5.538333,6.216111,0,High
Isoko South,Delta,5.538333,6.216111,0,High
Ndokwa East,Delta,5.669319,6.523171,0,High
Ndokwa West,Delta,5.815022,6.350772,0,High
Okpe,Delta,5.43333333,5.95,0,High
Oshimili North,Delta,6.382652,6.624309,0,High
Oshimili South,Delta,6.118256,6.66583,0,High
Patani,Delta,5.2412505830419045,6.190626760617503,0,High
Sapele,Delta,5.9,5.66666667,0,High
Udu,Delta,5.75,5.716667,0,High
Ughelli North,Delta,9.75,8.71666667,0,High
Ughelli South,Delta,9.75,8.71666667,0,High
Ukwuani,Delta,5.850198,6.246481,0,High
Uvwie,Delta,5.87,6.001,0,High
Warri North,Delta,6.000089,5.466481,0,High
Warri South,Delta,5.519063,5.800606,0,High
Warri South West,Delta,5.599713,5.454881,0,High
Abakaliki,Ebonyi,6.33333333,8.1,0,High
Afikpo North,Ebonyi,5.887936,7.953071,0,High
Afikpo South,Ebonyi,5.96666667,7.86666667,0,High
Ebonyi,Ebonyi,6.25,8.08333333,0,High
Ezza North,Ebonyi,6.081572,7.995858,0,High
Ezza South,Ebonyi,6.177757,8.040377,0,High
Ishielu,Ebonyi,6.428567,7.818371,0,High
Ivo,Ebonyi,5.919317,7.55976,0,High
Izzi,Ebonyi,6.385765,8.02549,0,High
Ohaozara,Ebonyi,6.030218,7.71407,0,High
Ohaukwu,Ebonyi,6.030218,7.71407,0,High
Onicha,Ebonyi,6.11252,7.825484,0,High
Ikwo,Ebonyi,12.473,7.487,0,High
Akoko Edo,Edo,7.275622,6.107379,0,High
Egor,Edo,6.382926,5.569175,0,High
Esan Central,Edo,6.738727,6.218905,0,High
Esan North East,Edo,6.7,6.333333,0,High
Esan South East,Edo,6.659722,6.382222,0,High
Esan West,Edo,6.753472,6.073766,0,High
Etsako Central,Edo,7.08965,6.50146,0,High
Etsako East,Edo,7.106769,6.687541,0,High
Etsako West,Edo,6.913601,6.29955,0,High
Igueben,Edo,6.6,6.58333333,0,High
Ikpoba Okha,Edo,6.256981,5.722929,0,High
Oredo,Edo,6.183772,5.596106,0,High
Orhionmwon,Edo,6.294568,6.027932,0,High
Ovia North East,Edo,6.29312,5.543304,0,High
Ovia South West,Edo,6.567402,5.353142,0,High
Owan East,Edo,6.943126,5.985832,0,High
Owan West,Edo,6.907245,5.924599,0,High
Uhunmwonde,Edo,6.617483,5.985682,0,High
Ado-Ekiti,Ekiti,7.621111,5.221389,0,High
Efon,Ekiti,7.36666667,3.63333333,0,High
Ekiti East,Ekiti,7.749096,5.719633,0,High
Ekiti South West,Ekiti,7.617082,5.24349,0,High
Ekiti West,Ekiti,7.657723,5.223741,0,High
Emure,Ekiti,7.45,5.46667,0,High
Gbonyin,Ekiti,7.621623,5.239016,0,High
Ido-Osi,Ekiti,7.856505,5.175537,0,High
Ijero,Ekiti,7.81667,5.08333,0,High
Ikere,Ekiti,7.5,5.23333,0,High
Ikole,Ekiti,7.78333333,5.51666667,0,High
Ilejemeje,Ekiti,7.953263,5.230908,0,High
Irepodun/Ifelodun,Ekiti,7.621111,5.221389,0,High
Ise/Orun,Ekiti,7.46,5.42,0,High
Moba,Ekiti,7.987774,5.124049,0,High
Oye,Ekiti,7.79944444,5.32833333,0,High
Aninri,Enugu,6.05,7.58333333,0,High
Awgu,Enugu,6.1169,7.476,0,High
Enugu East,Enugu,6.53333,7.53333,0,High
Enugu North,Enugu,6.46666667,7.51666667,0,High
Enugu South,Enugu,6.4,7.5,0,High
Ezeagu,Enugu,6.75,7.33333333,0,High
Igbo Etiti,Enugu,6.66667,7.36667,0,High
Igbo Eze North,Enugu,6.98333,7.45,0,High
Igbo Eze South,Enugu,6.91667,7.4,0,High
Isi-Uzo,Enugu,6.78333333,7.71666667,0,High
Nkanu East,Enugu,6.33333333,7.65,0,High
Nkanu West,Enugu,6.3,7.55,0,High
Nsukka,Enugu,6.85666667,7.39583333,0,High
Oji-River,Enugu,6.26666667,7.26666667,0,High
Udenu,Enugu,6.91667,7.51667,0,High
Udi,Enugu,6.31667,7.43333,0,High
Uzo-Uwani,Enugu,6.75,7.2,0,High
Abaji,Federal Capital Territory,8.475556,6.943333,0,High
Abuja,Federal Capital Territory,9.06666667,7.48333333,0,High
Bwari,Federal Capital Territory,9.280278,7.38,0,High
Gwagwalada,Federal Capital Territory,8.939167,7.075833,0,High
Kuje,Federal Capital Territory,8.88222222,7.22027778,0,High
Kwali,Federal Capital Territory,8.839722,7.054167,0,High
Akko,Gombe,10.10706761352457,11.041261362116334,0,High
Balanga,Gombe,9.96666667,11.68333333,0,High
Billiri,Gombe,9.83333333,11.15,0,High
Dukku,Gombe,10.81666667,10.76666667,0,High
Funakaye,Gombe,10.85,11.43333333,0,High
Gombe,Gombe,10.28333333,11.16666667,0,High
Kaltungo,Gombe,9.88333333,11.43333333,0,High
Kwami,Gombe,10.5,11.25,0,High
Nafada,Gombe,11.1333,11.25,0,High
Shongom,Gombe,9.65,11.2167,0,High
Yamaltu/Deba,Gombe,10.2167,11.3833,0,High
Aboh Mbaise,Imo,5.45,7.23333333,0,High
Ahiazu Mbaise,Imo,5.546985,7.270299,0,High
Ehime Mbano,Imo,5.66258,7.30387,0,High
Ezinihitte Mbaise,Imo,5.50511,7.367715,0,High
Ideato North,Imo,5.50511,7.367715,0,High
Ideato South,Imo,5.85,7.1,0,High
Ihitte/Uboma,Imo,5.616412,7.349424,0,High
Ikeduru,Imo,5.550556,7.066389,0,High
Isiala Mbano,Imo,5.703582,7.179541,0,High
Isu,Imo,5.68388889,7.06888889,0,High
Mbaitoli,Imo,5.587778,7.05,0,High
Ngor Okpala,Imo,5.496233,7.043545,0,High
Njaba,Imo,5.702103,7.018633,0,High
Nkwerre,Imo,5.75,7.1,0,High
Nwangele,Imo,5.725859,7.119447,0,High
Obowo,Imo,5.601592,7.320757,0,High
Oguta,Imo,5.71166667,6.80944444,0,High
Ohaji/Egbema,Imo,5.305833,6.945556,0,High
Okigwe,Imo,5.483,7.55,0,High
Onuimo,Imo,5.77363,7.2411,0,High
Orlu,Imo,5.79638889,7.03888889,0,High
Orsu,Imo,5.853889,6.86,0,High
Oru East,Imo,5.983333,6.983333,0,High
Oru West,Imo,5.735833,6.883333,0,High
Owerri Municipal,Imo,5.485,7.035,0,High
Owerri North,Imo,5.456667,7.102778,0,High
Owerri West,Imo,5.476513,6.979718,0,High
Auyo,Jigawa,12.36,9.98555556,1,Very High
Babura,Jigawa,12.63333333,8.96666667,1,Very High
Biriniwa,Jigawa,12.7833,10.2333,1,Very High
Birnin Kudu,Jigawa,11.45,9.475,1,Very High
Buji,Jigawa,11.66371,9.730518,1,Very High
Dutse,Jigawa,11.70111111,9.34194444,1,Very High
Gagarawa,Jigawa,12.407564,9.528397,1,Very High
Garki,Jigawa,12.432259,9.181244,1,Very High
Gumel,Jigawa,12.62833333,9.38972222,1,Very High
Guri,Jigawa,12.633757685656764,10.481106764515644,1,Very High
Gwaram,Jigawa,11.185833,9.968611,1,Very High
Gwiwa,Jigawa,12.736914,8.271095,1,Very High
Hadejia,Jigawa,12.45,10.04,1,Very High
Jahun,Jigawa,12.06666667,9.63333333,1,Very High
Kafin Hausa,Jigawa,11.981763,8.496467,1,Very High
Kaugama,Jigawa,12.4833,9.73333,1,Very High
Kazaure,Jigawa,12.6528,8.41194,1,Very High
Kiri Kasama,Jigawa,12.594408,10.214753,1,Very High
Kiyawa,Jigawa,11.78472222,9.60833333,1,Very High
Maigatari,Jigawa,12.804038,9.448007,1,Very High
Malam Madori,Jigawa,12.554071,10.028136,1,Very High
Miga,Jigawa,12.23333333,9.71666667,1,Very High
Ringim,Jigawa,12.28333333,9.46666667,1,Very High
Roni,Jigawa,12.566481,8.347088,1,Very High
Sule Tankarkar,Jigawa,12.65577,9.18751,1,Very High
Taura,Jigawa,12.2724893,9.36241882485775,1,Very High
Yankwashi,Jigawa,12.743623,8.53892,1,Very High
Birnin Gwari,Kaduna,10.6667,6.55,0,High
Chikun,Kaduna,10.285059,7.110283,0,High
Giwa,Kaduna,11.280784,7.417606,0,High
Igabi,Kaduna,10.78333333,7.76666667,0,High
Ikara,Kaduna,11.1833,8.23333,0,High
Jaba,Kaduna,9.44818,8.00845,0,High
Jema'a,Kaduna,9.578827,8.292147,0,High
Kachia,Kaduna,9.872636,7.955089,0,High
Kaduna North,Kaduna,9.923174,7.430551,0,High
Kaduna South,Kaduna,10.464834,7.418024,0,High
Kagarko,Kaduna,9.45,7.68333333,0,High
Kajuru,Kaduna,9.489736,7.695075,0,High
Kaura,Kaduna,9.630686,8.503075,0,High
Kauru,Kaduna,10.65,8.15,0,High
Kubau,Kaduna,10.96289,8.392213,0,High
Kudan,Kaduna,11.26478,7.648952,0,High
Lere,Kaduna,10.416589,8.681673,0,High
Makarfi,Kaduna,11.29795,7.96917,0,High
Sabon Gari,Kaduna,11.1167,7.73333,0,High
Sanga,Kaduna,9.225183,8.459182,0,High
Soba,Kaduna,10.984935,8.058804,0,High
Zangon Kataf,Kaduna,9.784597,8.283949,0,High
Zaria,Kaduna,11.06666667,7.7,0,High
Ajingi,Kano,11.97,9.03916667,0,High
Albasu,Kano,11.67388889,9.14111111,0,High
Bagwai,Kano,12.15777778,8.13583333,0,High
Bebeji,Kano,11.66666667,8.26666667,0,High
Bichi,Kano,12.23416667,8.24111111,0,High
Bunkure,Kano,11.7,8.55,0,High
Dala,Kano,12.01666667,8.48333333,0,High
Dambatta,Kano,12.43305556,8.51527778,0,High
Dawakin Kudu,Kano,11.83472222,8.59805556,0,High
Dawakin Tofa,Kano,12.10277778,8.33138889,0,High
Doguwa,Kano,10.75,8.73333333,0,High
Fagge,Kano,12.00666667,8.52916667,0,High
Gabasawa,Kano,12.1,8.88333333,0,High
Garko,Kano,11.65,8.9,0,High
Garun Malam,Kano,11.6833,8.36667,0,High
Gaya,Kano,11.86805556,9.01111111,0,High
Gezawa,Kano,12.1,8.73333333,0,High
Gwale,Kano,11.96666667,8.5,0,High
Gwarzo,Kano,11.91666667,7.93333333,0,High
Kabo,Kano,11.89146325,8.200628471157401,0,High
Kano Municipal,Kano,11.95194444,8.54027778,0,High
Karaye,Kano,11.78333333,8.01666667,0,High
Kibiya,Kano,11.53333333,8.66666667,0,High
Kiru,Kano,11.7,8.13333333,0,High
Kunchi,Kano,12.50138889,8.27166667,0,High
Kura,Kano,11.77138889,8.43027778,0,High
Madobi,Kano,11.77722222,8.28833333,0,High
Makoda,Kano,12.41861111,8.4325,0,High
Minjibir,Kano,12.17833333,8.65916667,0,High
Nasarawa,Kano,8.53333333,8.3,0,High
Rano,Kano,11.55722222,8.58333333,0,High
Rimin Gado,Kano,11.965,8.25,0,High
Rogo,Kano,11.56666667,7.83333333,0,High
Shanono,Kano,12.05,7.98333333,0,High
Sumaila,Kano,11.53333333,8.96666667,0,High
Takai,Kano,11.4853125,9.156044842198048,0,High
Tarauni,Kano,11.96666667,8.56666667,0,High
Tofa,Kano,12.05,8.26666667,0,High
Tsanyawa,Kano,12.3,7.98333333,0,High
Tudun Wada,Kano,11.25,8.4,0,High
Ungogo,Kano,12.09055556,8.49666667,0,High
Warawa,Kano,11.88333333,8.68333333,0,High
Wudil,Kano,11.81666667,8.85,0,High
kumbotso,Kano,11.88805556,8.50277778,0,High
Bakori,Katsina,11.55,7.43333333,0,High
Batagarawa,Katsina,12.9,7.61666667,0,High
Batsari,Katsina,12.75277778,7.24194444,0,High
Baure,Katsina,12.78333333,8.76666667,0,High
Bindawa,Katsina,12.71666667,7.83333333,0,High
Charanchi,Katsina,12.675,7.7275,0,High
Dan Musa,Katsina,12.26388889,7.33388889,0,High
DanDume,Katsina,11.41666667,7.2,0,High
Danja,Katsina,11.38333333,7.56666667,0,High
Daura,Katsina,13.03638889,8.31777778,0,High
Dutsi,Katsina,12.82527778,8.14277778,0,High
Dutsin-Ma,Katsina,12.455,7.49138889,0,High
Faskari,Katsina,11.71666667,7.03333333,0,High
Funtua,Katsina,11.53333333,7.31666667,0,High
Ingawa,Katsina,12.63972222,8.05027778,0,High
Jibia,Katsina,13.09166667,7.22638889,0,High
Kafur,Katsina,11.65,7.7,0,High
Kaita,Katsina,13.08055556,7.75388889,0,High
Kankara,Katsina,11.930319,7.412649,0,High
Kankia,Katsina,12.46666667,7.8,0,High
Katsina,Katsina,12.98888889,7.60083333,0,High
Kurfi,Katsina,12.66611111,7.48305556,0,High
Kusada,Katsina,12.46666667,7.98333333,0,High
Mai'Adua,Katsina,13.19055556,8.21166667,0,High
Malumfashi,Katsina,11.8,7.61666667,0,High
Mani,Katsina,12.85611111,7.87444444,0,High
Mashi,Katsina,13.1,8.0,0,High
Matazu,Katsina,12.2333,7.66667,0,High
Musawa,Katsina,12.12944444,7.66888889,0,High
Rimi,Katsina,12.85,7.71555556,0,High
Sabuwa,Katsina,11.3,7.11666667,0,High
Safana,Katsina,12.5,7.23333333,0,High
Sandamu,Katsina,12.93333333,8.36666667,0,High
Zango,Katsina,12.93333333,8.53333333,0,High
Aliero,Kebbi,12.29654,4.42793,0,High
Arewa Dandi,Kebbi,12.688388,4.074184,0,High
Argungu,Kebbi,12.73333333,4.51666667,0,High
Augie,Kebbi,12.88333333,4.6,0,High
Bagudo,Kebbi,11.400095,4.225767,0,High
Birnin Kebbi,Kebbi,12.45361111,4.20027778,0,High
Bunza,Kebbi,12.0916,4.0108,0,High
Dandi,Kebbi,12.68333333,8.66666667,0,High
Danko-Wasagu,Kebbi,11.395688,5.485568,0,High
Fakai,Kebbi,11.547523,4.96493,0,High
Gwandu,Kebbi,12.50222222,4.6425,0,High
Jega,Kebbi,12.3667,4.6333,0,High
Kalgo,Kebbi,12.33257,4.20035,0,High
Koko/Besse,Kebbi,11.45855,4.43782,0,High
Maiyama,Kebbi,11.99054,4.35394,0,High
Ngaski,Kebbi,10.40709,4.71781,0,High
Sakaba,Kebbi,11.065401,5.596032,0,High
Shanga,Kebbi,11.1958,4.5675,0,High
Suru,Kebbi,11.83,4.096667,0,High
Yauri,Kebbi,11.395688,5.485568,0,High
Zuru,Kebbi,11.435,5.235,0,High
Adavi,Kogi,7.66666667,6.45,0,High
Ajaokuta,Kogi,7.55611111,6.655,0,High
Ankpa,Kogi,7.43333333,7.63333333,0,High
Bassa,Kogi,7.9,7.05,0,High
Dekina,Kogi,7.58333333,7.2,0,High
Ibaji,Kogi,6.86666667,6.8,0,High
Idah,Kogi,7.08333333,6.75,0,High
Igalamela Odolu,Kogi,7.08333333,7.08333333,0,High
Ijumu,Kogi,7.85,5.96666667,0,High
Kabba/Bunu,Kogi,8.11666667,6.15,0,High
Kogi,Kogi,7.5,6.7,0,High
Lokoja,Kogi,7.80194444,6.74416667,0,High
Mopa-Muro,Kogi,8.09722222,5.89583333,0,High
Ofu,Kogi,7.33333333,7.08333333,0,High
Ogori/Magongo,Kogi,7.483333,6.216667,0,High
Okehi,Kogi,7.7,6.3,0,High
Okene,Kogi,7.55,6.23333333,0,High
Olamaboro,Kogi,7.18333,7.56667,0,High
Omala,Kogi,7.81666667,7.51666667,0,High
Yagba East,Kogi,8.16666667,5.7,0,High
Yagba West,Kogi,8.25,5.55,0,High
Asa,Kwara,8.324804,4.533673,0,High
Baruten,Kwara,9.58333333,3.25,0,High
Edu,Kwara,8.841903,5.399178,0,High
Ekiti,Kwara,8.139435,5.32809,0,High
Ifelodun,Kwara,8.820023,4.967322,0,High
Ilorin East,Kwara,8.573234,4.703608,0,High
Ilorin South,Kwara,8.498688,4.562779,0,High
Ilorin West,Kwara,8.480048,4.614006,0,High
Irepodun,Kwara,8.487457,4.527301,0,High
Isin,Kwara,8.2579064,5.038849070678933,0,High
Kaiama,Kwara,9.605193,3.941946,0,High
Moro,Kwara,8.845,4.556667,0,High
Offa,Kwara,8.147,4.72,0,High
Oke-Ero,Kwara,8.088888,5.144659,0,High
Oyun,Kwara,8.16827,4.65212,0,High
Pategi,Kwara,8.73333333,5.75,0,High
Agege,Lagos,6.62194444,3.32583333,0,High
Ajeromi-Ifelodun,Lagos,6.4448,3.3339,0,High
Alimosho,Lagos,6.61055556,3.29583333,0,High
Amuwo-Odofin,Lagos,6.45,3.266667,0,High
Apapa,Lagos,6.45,3.36666667,0,High
Badagry,Lagos,6.41666667,2.88333333,0,High
Epe,Lagos,6.58333333,3.98333333,0,High
Eti-Osa,Lagos,6.437443,3.564588,0,High
Ibeju-Lekki,Lagos,6.416667,2.883333,0,High
Ifako-Ijaiye,Lagos,6.68472222,3.28888889,0,High
Ikeja,Lagos,6.6,3.35,0,High
Ikorodu,Lagos,6.6,3.5,0,High
Kosofe,Lagos,6.556879,3.384174,0,High
Lagos Island,Lagos,6.45,3.4,0,High
Lagos Mainland,Lagos,6.504937,3.386503,0,High
Mushin,Lagos,6.53333333,3.35,0,High
Ojo,Lagos,6.46666667,3.18333333,0,High
Oshodi-Isolo,Lagos,6.511865,3.308021,0,High
Somolu,Lagos,6.540833,3.387222,0,High
Surulere,Lagos,6.5,3.35,0,High
Akwanga,Nasarawa,8.91666667,8.38333333,0,High
Awe,Nasarawa,7.823611,3.95,0,High
Doma,Nasarawa,8.396241,8.35864,0,High
Karu,Nasarawa,9.019231,7.613516,0,High
Keana,Nasarawa,8.147346,8.800478,0,High
Keffi,Nasarawa,8.8464,7.8733,0,High
Kokona,Nasarawa,8.85,5.08333333,0,High
Lafia,Nasarawa,8.49166667,8.51666667,0,High
Nasarawa,Nasarawa,8.53333333,8.3,0,High
Nasarawa Egon,Nasarawa,8.741115,8.542192,0,High
Obi,Nasarawa,7.0,8.25,0,High
Toto,Nasarawa,8.388021,7.078199,0,High
Wamba,Nasarawa,8.93333333,8.6,0,High
Agaie,Niger,9.01666667,6.31666667,0,High
Agwara,Niger,10.7,4.58333333,0,High
Bida,Niger,9.08333333,6.01666667,0,High
Borgu,Niger,11.0,3.5,0,High
Bosso,Niger,9.651457,6.526626,0,High
Chanchaga,Niger,9.61388889,6.55694444,0,High
Edati,Niger,9.05,5.65,0,High
Gbako,Niger,9.26666667,5.98333333,0,High
Gurara,Niger,9.35,7.08333333,0,High
Katcha,Niger,9.15,6.23333333,0,High
Kontagora,Niger,10.403,5.473,0,High
Lapai,Niger,8.81666667,6.68333333,0,High
Lavun,Niger,9.45,5.63333333,0,High
Magama,Niger,10.46666667,5.05,0,High
Mariga,Niger,10.7,5.83333333,0,High
Mashegu,Niger,9.95,5.21666667,0,High
Mokwa,Niger,9.2,5.33333333,0,High
Munya,Niger,9.78333,7.03333,0,High
Paikoro,Niger,9.43333,6.63333,0,High
Rafi,Niger,10.18444444,6.25333333,0,High
Rijau,Niger,11.1,5.26666667,0,High
Shiroro,Niger,9.95694444,6.83194444,0,High
Suleja,Niger,9.18333333,7.18333333,0,High
Tafa,Niger,9.25,7.25,0,High
Wushishi,Niger,9.721763,6.111317,0,High
Abeokuta North,Ogun,7.2,3.2,0,High
Abeokuta South,Ogun,7.15,3.35,0,High
Ado-Odo/Ota,Ogun,6.63333333,3.1,0,High
Ewekoro,Ogun,6.93333333,3.21666667,0,High
Ifo,Ogun,6.81666667,3.2,0,High
Ijebu East,Ogun,6.73333333,4.16666667,0,High
Ijebu North,Ogun,6.95,4.0,0,High
Ijebu North East,Ogun,6.9,4.01666667,0,High
Ijebu Ode,Ogun,6.82083333,3.92083333,0,High
Ikenne,Ogun,6.86666667,3.71666667,0,High
Imeko Afon,Ogun,7.63333333,2.86666667,0,High
Ipokia,Ogun,6.53333333,2.85,0,High
Obafemi Owode,Ogun,6.95,3.5,0,High
Odeda,Ogun,7.21666667,3.51666667,0,High
Odogbolu,Ogun,6.76666667,3.8,0,High
Ogun Waterside,Ogun,6.48333333,4.4,0,High
Remo North,Ogun,7.0,3.71666667,0,High
Shagamu,Ogun,6.83333333,3.65,0,High
Yewa North,Ogun,7.15,2.91666667,0,High
Yewa South,Ogun,6.8,2.95,0,High
Akoko North East,Ondo,7.516667,5.75,0,High
Akoko North West,Ondo,7.643346,5.76057,0,High
Akoko South East,Ondo,7.451155,5.910301,0,High
Akoko South West,Ondo,7.45439,5.801639,0,High
Akure North,Ondo,7.26277778,5.31583333,0,High
Akure South,Ondo,7.2075,5.18833333,0,High
Ese Odo,Ondo,6.25754,5.000496,0,High
Idanre,Ondo,7.09222222,5.13222222,0,High
Ifedore,Ondo,7.343085,5.108323,0,High
Ilaje,Ondo,6.369232,4.784181,0,High
Ile Oluji/Okeigbo,Ondo,7.166442,4.724235,0,High
Irele,Ondo,6.48333333,4.86666667,0,High
Odigbo,Ondo,6.793915,4.867455,0,High
Okitipupa,Ondo,6.55,4.71666667,0,High
Ondo East,Ondo,7.065508,4.931343,0,High
Ondo West,Ondo,7.09727,4.84115,0,High
Ose,Ondo,6.922762,5.777478,0,High
Owo,Ondo,7.18333333,5.58333333,0,High
Ayedaade,Osun,7.31666667,4.35,0,High
Aiyedire,Osun,7.56666667,4.23333333,0,High
Atakunmosa East,Osun,7.48333,4.78333,0,High
Atakunmosa West,Osun,7.55,4.66667,0,High
Boluwaduro,Osun,7.9,4.81666667,0,High
Boripe,Osun,7.86666667,4.65833333,0,High
Ede North,Osun,7.73333333,4.48333333,0,High
Ede South,Osun,7.7,4.45,0,High
Egbedore,Osun,7.81666667,4.43333333,0,High
Ejigbo,Osun,7.9,4.315,0,High
Ife Central,Osun,7.55,4.53333333,0,High
Ife East,Osun,7.45,4.6,0,High
Ife North,Osun,7.36666667,4.46666667,0,High
Ife South,Osun,7.2,4.6,0,High
Ifedayo,Osun,7.95,4.98333333,0,High
Ifelodun,Osun,7.91667,4.66667,0,High
Ila,Osun,8.01666667,4.9,0,High
Ilesa East,Osun,7.61666667,4.76666667,0,High
Ilesa West,Osun,7.65,4.71666667,0,High
Irepodun,Osun,7.83333,4.48333,0,High
Irewole,Osun,7.41666667,4.21666667,0,High
Isokan,Osun,7.3,4.18333333,0,High
Iwo,Osun,7.63333333,4.18333333,0,High
Obokun,Osun,7.78333333,4.76666667,0,High
Odo-Otin,Osun,8.01666667,4.7,0,High
Ola-Oluwa,Osun,7.78333333,4.21666667,0,High
Olorunda,Osun,7.86666667,4.58333333,0,High
Oriade,Osun,7.58333333,4.86666667,0,High
Orolu,Osun,7.9,4.45,0,High
Osogbo,Osun,7.76666667,4.56666667,0,High
Afijio,Oyo,7.8,3.9,0,High
Akinyele,Oyo,7.523735,3.914781,0,High
Atiba,Oyo,7.849454,3.930354,0,High
Atisbo,Oyo,8.549788,3.45,0,High
Egbeda,Oyo,7.381337,3.966501,0,High
Ibadan North,Oyo,7.403239,3.913107,0,High
Ibadan North East,Oyo,7.401536,3.938985,0,High
Ibadan North West,Oyo,7.395799,3.881569,0,High
Ibadan South East,Oyo,7.37577,3.897557,0,High
Ibadan South West,Oyo,7.396389,3.916667,0,High
Ibarapa Central,Oyo,7.435346,3.288581,0,High
Ibarapa East,Oyo,7.549722,3.45,0,High
Ibarapa North,Oyo,7.564226,3.229916,0,High
Ido,Oyo,7.507354,3.719376,0,High
Irepo,Oyo,7.350425,3.880304,0,High
Iseyin,Oyo,7.96666667,3.6,0,High
Itesiwaju,Oyo,7.358763,3.959258,0,High
Iwajowa,Oyo,7.983269,3.05274,0,High
Kajola,Oyo,8.037685,3.348942,0,High
Lagelu,Oyo,7.495026,4.073009,0,High
Ogbomosho North,Oyo,8.133333,4.25,0,High
Ogbomosho South,Oyo,8.11791,4.239092,0,High
Ogo Oluwa,Oyo,8.13524,4.24006,0,High
Olorunsogo,Oyo,8.752377,4.130988,0,High
Oluyole,Oyo,7.218,3.892,0,High
Ona Ara,Oyo,7.225568,4.026554,0,High
Oorelope,Oyo,8.833333,3.75,0,High
Ori Ire,Oyo,8.33423,4.14423,0,High
Oyo East,Oyo,7.882092,3.998755,0,High
Oyo West,Oyo,7.94157,3.8218,0,High
Saki East,Oyo,8.628418,3.640723,0,High
Saki West,Oyo,8.666667,3.4,0,High
Surulere,Oyo,6.5,3.35,0,High
Barkin Ladi,Plateau,9.56667,8.91667,0,High
Bassa,Plateau,10.0833,8.73333,0,High
Bokkos,Plateau,9.25,8.88333333,0,High
Jos East,Plateau,9.91666667,9.1,0,High
Jos North,Plateau,9.91666667,8.9,0,High
Jos South,Plateau,9.76666667,8.8,0,High
Kanam,Plateau,9.56601387018746,9.991505892537331,0,High
Kanke,Plateau,9.3671789,9.639354933485455,0,High
Langtang North,Plateau,9.13333333,9.78333333,0,High
Langtang South,Plateau,8.63333333,9.8,0,High
Mangu,Plateau,9.43333333,9.13333333,0,High
Mikang,Plateau,9.0,9.58333333,0,High
Pankshin,Plateau,9.327248,9.431291,0,High
Qua'an Pan,Plateau,8.8,9.15,0,High
Riyom,Plateau,9.56666667,8.66666667,0,High
Shendam,Plateau,8.71666667,9.5,0,High
Wase,Plateau,9.1,9.96666667,0,High
Abua-Odual,Rivers,4.82972222,6.5675,0,High
Ahoada East,Rivers,5.06833333,6.64666667,0,High
Ahoada West,Rivers,5.08638889,6.47527778,0,High
Akuku-Toru,Rivers,4.56,6.74972222,0,High
Andoni,Rivers,4.54916667,7.44638889,0,High
Asari-Toru,Rivers,4.78333333,6.85,0,High
Bonny,Rivers,4.43333333,7.16666667,0,High
Degema,Rivers,4.57416667,6.93805556,0,High
Eleme,Rivers,4.7875,7.14361111,0,High
Emohua,Rivers,4.88333333,6.86666667,0,High
Etche,Rivers,4.99,7.05,0,High
Gokana,Rivers,4.65972222,7.2825,0,High
Ikwerre,Rivers,5.055143,6.922417,0,High
Khana,Rivers,4.7,7.35,0,High
Obio/Akpor,Rivers,4.874902,6.999767,0,High
Ogba/Egbema/Ndoni,Rivers,5.34166944,6.65556111,0,High
Ogu/Bolo,Rivers,4.65055556,7.18305556,0,High
Okrika,Rivers,4.74,7.083,0,High
Omuma,Rivers,4.969419,7.020821,0,High
Opobo/Nkoro,Rivers,4.56805556,7.55277778,0,High
Oyigbo,Rivers,4.87806111,7.12833056,0,High
Port Harcourt,Rivers,4.82416667,7.03361111,0,High
Tai,Rivers,4.71666667,7.3,0,High
Binji,Sokoto,13.21666667,4.91666667,0,High
Bodinga,Sokoto,12.88333333,5.16666667,0,High
Dange/Shuni,Sokoto,12.85,5.35,0,High
Gada,Sokoto,13.76666667,5.66666667,0,High
Goronyo,Sokoto,13.45305556,5.67638889,0,High
Gudu,Sokoto,13.46666667,4.43333333,0,High
Gwadabawa,Sokoto,13.3697,5.23,0,High
Illela,Sokoto,13.7325,5.30027778,0,High
Isa,Sokoto,13.20027778,6.40722222,0,High
Kware,Sokoto,13.21805556,5.26722222,0,High
Rabah,Sokoto,13.11666667,5.51666667,0,High
Sabon Birni,Sokoto,13.5611,6.325,0,High
Shagari,Sokoto,12.63333333,5.0,0,High
Silame,Sokoto,13.03333333,4.85,0,High
Sokoto North,Sokoto,13.05,5.23333333,0,High
Sokoto South,Sokoto,13.05,5.21666667,0,High
Tambuwal,Sokoto,12.31666667,4.8,0,High
Tangaza,Sokoto,13.5167,4.96667,0,High
Tureta,Sokoto,12.58944444,5.54694444,0,High
Wamako,Sokoto,13.03777778,5.09361111,0,High
Wurno,Sokoto,13.28416667,5.4275,0,High
Yabo,Sokoto,12.71916667,5.00616667,0,High
Kebbe,Sokoto,12.13333333,4.73333333,0,High
Ardo Kola,Taraba,8.8467,11.2067,0,High
Bali,Taraba,7.854286164866859,10.963562199223984,0,High
Donga,Taraba,7.55,10.28333333,0,High
Gashaka,Taraba,7.506556,11.364155,0,High
Gassol,Taraba,8.4,10.5333,0,High
Ibi,Taraba,8.31666667,9.85,0,High
Jalingo,Taraba,8.9,11.36666667,0,High
Karim Lamido,Taraba,9.2,10.8833,0,High
Kurmi,Taraba,8.708857,10.080541,0,High
Lau,Taraba,9.18694444,11.42,0,High
Sardauna,Taraba,6.95,11.116667,0,High
Takum,Taraba,7.25,9.98333333,0,High
Ussa,Taraba,7.11666667,10.08333333,0,High
Wukari,Taraba,7.85,9.78333333,0,High
Yorro,Taraba,8.749986,11.616698,0,High
Zing,Taraba,8.993239,11.740887,0,High
Bade,Yobe,12.86666667,10.96666667,0,High
Bursari,Yobe,12.75,11.76666667,0,High
Damaturu,Yobe,11.74444444,11.96111111,0,High
Fika,Yobe,11.41666667,11.21666667,0,High
Fune,Yobe,11.88333333,11.9,0,High
Geidam,Yobe,12.71666667,12.03333333,0,High
Gujba,Yobe,11.49777778,11.93083333,0,High
Gulani,Yobe,11.0,11.71666667,0,High
Jakusko,Yobe,12.41666667,10.93333333,0,High
Karasuwa,Yobe,13.0,10.78333333,0,High
Machina,Yobe,13.1,10.0,0,High
Nangere,Yobe,11.85,10.96666667,0,High
Nguru,Yobe,12.875,10.458333,0,High
Potiskum,Yobe,11.7092,11.0694,0,High
Tarmuwa,Yobe,12.2,11.78333333,0,High
Yunusari,Yobe,13.11666667,11.73333333,0,High
Yusufari,Yobe,13.18333333,10.85,0,High
Anka,Zamfara,11.98333333,6.03333333,0,High
Bakura,Zamfara,12.15,5.9,0,High
Birnin Magaji/Kiyaw,Zamfara,12.46666667,6.9,0,High
Bukkuyum,Zamfara,12.0,5.61666667,0,High
Bungudu,Zamfara,12.15,6.5,0,High
Gummi,Zamfara,12.05,5.16666667,0,High
Gusau,Zamfara,12.166667,6.666667,0,High
Kaura Namoda,Zamfara,12.6,6.589722,0,High
Maradun,Zamfara,12.75,6.28333333,0,High
Maru,Zamfara,11.6,6.28333333,0,High
Shinkafi,Zamfara,13.03333333,6.51666667,0,High
Talata Mafara,Zamfara,12.35,6.06666667,0,High
Tsafe,Zamfara,11.93333333,6.9,0,High
Zurmi,Zamfara,12.85,6.73333333,0,High
